name, mbid, url, image_small
Cher, bfcc6d75-a6a5-4bc6-8282-47aec8531818, https://www.last.fm/music/Cher, small, [object Object],[object Object],[object Object],[object Object],[object Object]
Cher Lloyd, 48fbfb0b-92ee-45eb-99c2-0bde4c05962e, https://www.last.fm/music/Cher+Lloyd, small, [object Object],[object Object],[object Object],[object Object],[object Object]
Cheryl Cole, 2d499150-1c42-4ffb-a90c-1cc635519d33, https://www.last.fm/music/Cheryl+Cole, small, [object Object],[object Object],[object Object],[object Object],[object Object]
CHERRY BULLET, , https://www.last.fm/music/CHERRY+BULLET, small, [object Object],[object Object],[object Object],[object Object],[object Object]
Black Stone Cherry, 1801bd47-46ae-49ff-bfcd-6e01b562d880, https://www.last.fm/music/Black+Stone+Cherry, small, [object Object],[object Object],[object Object],[object Object],[object Object]
Cherry Glazerr, 64a0c404-58af-4083-8fc6-a6725ef02ecb, https://www.last.fm/music/Cherry+Glazerr, small, [object Object],[object Object],[object Object],[object Object],[object Object]
Cheryl, 85df56ab-e125-4169-8ac8-e6666128d526, https://www.last.fm/music/Cheryl, small, [object Object],[object Object],[object Object],[object Object],[object Object]
Eagle-Eye Cherry, 4a5777b3-f55b-437c-8b23-d9ee7791c7fc, https://www.last.fm/music/Eagle-Eye+Cherry, small, [object Object],[object Object],[object Object],[object Object],[object Object]
Cherub, abf42fca-8c2e-4d55-9fc8-6b1fc65a80f1, https://www.last.fm/music/Cherub, small, [object Object],[object Object],[object Object],[object Object],[object Object]
Neneh Cherry, 527c65d1-9fdb-4482-8796-dde2980bd63a, https://www.last.fm/music/Neneh+Cherry, small, [object Object],[object Object],[object Object],[object Object],[object Object]
Cherish, e82500a8-70ce-46ad-a028-b0690420d560, https://www.last.fm/music/Cherish, small, [object Object],[object Object],[object Object],[object Object],[object Object]
Cheryl Lynn, c2b8f775-455c-44c3-97ca-f377938da19e, https://www.last.fm/music/Cheryl+Lynn, small, [object Object],[object Object],[object Object],[object Object],[object Object]
Wild Cherry, da5ff827-174b-48d1-9a39-9fa290bb2925, https://www.last.fm/music/Wild+Cherry, small, [object Object],[object Object],[object Object],[object Object],[object Object]
Acid Black Cherry, a3842d12-306c-498a-ae1d-03ee40e3f2ac, https://www.last.fm/music/Acid+Black+Cherry, small, [object Object],[object Object],[object Object],[object Object],[object Object]
Cherry Poppin' Daddies, e23612fb-6dd6-4d5c-b638-2611bfc8c48a, https://www.last.fm/music/Cherry+Poppin%27+Daddies, small, [object Object],[object Object],[object Object],[object Object],[object Object]
Nasty Cherry, , https://www.last.fm/music/Nasty+Cherry, small, [object Object],[object Object],[object Object],[object Object],[object Object]
Sonny & Cher, c43d2302-02db-487b-b62d-8cb3c57f94c6, https://www.last.fm/music/Sonny+&+Cher, small, [object Object],[object Object],[object Object],[object Object],[object Object]
Blue Cheer, 523b52d7-a819-4111-9085-69fc269c9638, https://www.last.fm/music/Blue+Cheer, small, [object Object],[object Object],[object Object],[object Object],[object Object]
cheRomani+, , https://www.last.fm/music/cheRomani%252B, small, [object Object],[object Object],[object Object],[object Object],[object Object]
Cherry Ghost, 1e76c9f2-2f79-4521-a418-a3c22eda30fa, https://www.last.fm/music/Cherry+Ghost, small, [object Object],[object Object],[object Object],[object Object],[object Object]
Cheriimoya, , https://www.last.fm/music/Cheriimoya, small, [object Object],[object Object],[object Object],[object Object],[object Object]
CHERNIKOVSKAYA HATA, , https://www.last.fm/music/CHERNIKOVSKAYA+HATA, small, [object Object],[object Object],[object Object],[object Object],[object Object]
Don Cherry, d45e4d9d-45c1-45cb-941a-8a5025874e06, https://www.last.fm/music/Don+Cherry, small, [object Object],[object Object],[object Object],[object Object],[object Object]
cehryl, , https://www.last.fm/music/cehryl, small, [object Object],[object Object],[object Object],[object Object],[object Object]
Cherokee, ea71fddc-7e41-470f-8e13-6cd50ae981da, https://www.last.fm/music/Cherokee, small, [object Object],[object Object],[object Object],[object Object],[object Object]
Cherrie, , https://www.last.fm/music/Cherrie, small, [object Object],[object Object],[object Object],[object Object],[object Object]
Paul Cherry, , https://www.last.fm/music/Paul+Cherry, small, [object Object],[object Object],[object Object],[object Object],[object Object]
Cherrelle, 2a0b3bf9-0d04-4e49-91f5-9530cbebab55, https://www.last.fm/music/Cherrelle, small, [object Object],[object Object],[object Object],[object Object],[object Object]
Cherubs, 6106ec43-8658-4fc3-b8a6-5379831a6cfa, https://www.last.fm/music/Cherubs, small, [object Object],[object Object],[object Object],[object Object],[object Object]
800 Cherries, 4012a50b-a64f-450f-a418-fd473e6ccea4, https://www.last.fm/music/800+Cherries, small, [object Object],[object Object],[object Object],[object Object],[object Object]
